ingresos_ventas,activos,utilidad_neta,liquidez_corriente,ruc,certificada,nombre
437050.25,377747.45,50.25,1.08,0992653817001,0.0,RADCLIF S.A.
1812205.25,951439.0,44958.66,0.25,0791742293001,0.0,CAMARONERA NELMAR S.A.
51383.9,153789.25,11699.5,1.065,0190150011001,0.0,PRENPIE PREDIAL ENCALADA PIEDRA S.A.
59548.71,3788226.8,11699.5,1.065,0990325561001,0.0,ACUESPECIES SA
5065330.46,7294183.54,260322.73,0.67,0190089037001,0.0,AUSTROMAR SA
18888715.19,10500264.15,1136028.24,2.29,0990171092001,1.0,GRAN COLOMBIANA DEL MAR GRANCOMAR SA
3634630.65,1472883.31,11699.5,1.065,0990002290001,0.0,INDUSTRIA PESQUERA CAPRICORNIO SA IPECASA
3803688.33,3426961.86,177546.53,6.88,0992659351001,0.0,SOCIEDAD DE PRODUCCION CAMARONERA '' EL CONCHERO '' COMPAÑIA LIMITADA
98973138.59,53848447.07,1264816.99,1.12,0990442991001,0.0,CRIMASA CRIADEROS DE MARISCOS SA
18162251.46,22670951.38,-783022.48,0.71,0790048741001,0.0,INDUSTRIAS Y CULTIVOS EL CAMARON SA ICCSA
5921962.74,13072114.74,11699.5,1.065,0990353077001,0.0,GARZAL SA
4923600.38,2418333.57,138971.04,7.99,1790291774001,0.0,AGUAMARINA COMPAÑIA ANONIMA
10389370.79,38894741.18,726663.32,2.44,0990532672001,0.0,DELANAN DESARROLLO LANGOSTINERO SA
13225816.71,20497469.35,-4027.29,0.53,0990534225001,0.0,CALICA CAMARONERA DEL LITORAL CA
20820851.99,22891246.57,4461540.3,1.3,0990549591001,0.0,CAMARONERA AGROMARINA SA
14828121.83,1976852.11,11699.5,1.065,0990552401001,0.0,MARINES CA
237297267.4,156121582.23,1914161.17,0.8,0990553963001,1.0,PROMARISCO SA
8432369.36,17977052.55,215206.64,0.8,0990555907001,0.0,GRANJAS MARINAS DOBLE A (GRAMADA) S.A.
12916866.07,9155118.46,1557797.94,3.29,0990555575001,1.0,ECUACULTIVOS ECUATORIANA DE CULTIVOS SA
8814969.15,5624950.74,101009.48,2.59,0990475962001,0.0,MARAGRO SA
404317.89,93536.28,11699.5,1.065,0790045971001,0.0,PRODUCTOS DE EL ORO CA PRODELORO CA
6868779.84,5676846.72,152231.91,0.8,0790048830001,0.0,EXPORTADORA FAFRA S.A.
3059006.74,1232948.15,11699.5,1.065,0990277923001,0.0,CAMARONERA GRUPO GRANMAR S.A. GRANMA
1412874281.27,1274284556.4,122992266.68,1.55,0991257721001,1.0,INDUSTRIAL PESQUERA SANTA PRISCILA S.A.
193476721.82,161269711.5,28635178.12,1.13,0990576459001,1.0,PRODUMAR SA
162573631.32,484261462.81,1108071.74,1.04,0990071969001,0.0,EMPACADORA GRUPO GRANMAR S.A. EMPAGRAN
4899547.55,4158982.51,2672.06,0.69,0991392408001,0.0,CAMARONES DE EXPORTACION CADEX C LTDA
632745.75,43637.35,11699.5,1.065,0990590117001,0.0,CRIADEROS SIG-SIG S.A.
1481334.11,1210208.91,11699.5,1.065,0790043472001,0.0,EXPORTADORA MAREST CA
7266003.54,4479612.48,491805.15,3.67,0990529140001,0.0,CONSAVE C.A
18698151.9,7029943.98,1018358.4,1.68,0990486859001,0.0,CAMARONERA DELI S A
27681757.32,22595345.05,6414850.27,2.06,0990497214001,0.0,CAMARONERA LEBAMA SA
12718234.53,10921039.97,-100098.84,1.99,0790050487001,1.0,PESQUERA E INDUSTRIAL BRAVITO S.A
4054463.96,3545603.6,168848.38,0.46,0791742684001,0.0,COMPAÑIA DE PRODUCCION PESCA Y SERVICIOS MULTIPLES RIMBALPOL S.A.
5760109.95,3222862.73,-116163.86,1.24,1391702108001,0.0,GRUPACIF S.A
81623.91,261642.79,11699.5,1.065,1390148379001,0.0,COMPANIA CAMARONERA IVO INTRIAGO S.A. CAIVO
3945580.71,3466978.45,-9020.82,1.04,0790092597001,0.0,CAMARONERA BRAVOGRANDE S.A.
14761401.58,68105545.2,904847.83,1.87,0992672595001,0.0,HENG XIN CIA.LTDA.
6222454.41,8155275.5,117053.8,0.43,0992664436001,0.0,BOSELICORP S.A.
956326.69,486564.83,53386.76,1.09,0992669195001,0.0,"COMERCIALIZADORA NACIONAL DE CAMARON, CONACAM S.A."
30265720.78,33663550.12,2321811.97,0.88,0992664630001,0.0,CYBERNIUS S.A.
4681637.08,5649383.63,53961.64,0.57,0990660786001,0.0,AQUAM SA
20413759.49,4792159.92,119919.26,0.79,0990666253001,1.0,EXPORTADORA LANGOSMAR SA
24396927.78,21787126.33,4959532.02,2.45,0990667721001,0.0,PESALMAR SA
13254.79,8539971.28,-2079840.42,0.72,0990666415001,0.0,BIOREY SA
22384340.39,31179115.22,1744677.04,1.21,0990666407001,1.0,BIOSUPER S.A.S.
22904174.15,18209646.99,2440832.81,2.21,0990760810001,0.0,PISCICOLA MALECON SA MALSA
1046930.88,193893.28,11699.5,1.065,0990662665001,0.0,CAMARONERA AMELIA AMELIASA SA
881440090.71,489276768.51,69728117.16,1.43,0990608504001,1.0,OPERADORA Y PROCESADORA DE PRODUCTOS MARINOS OMARSA SA
1210975.3,743614.41,11699.5,1.065,0990614393001,0.0,PESQUERA DEL CARMEN SA
280511.52,407615.72,11699.5,1.065,0990618305001,0.0,ECUALAN ECUATORIANA DE LANGOSTINOS S.A.S.
37855279.51,50842200.83,2919454.66,2.75,0990621705001,1.0,CAMARONERA ESCALANTE SA
1708695.6,725166.34,11699.5,1.065,0990636877001,0.0,INSTITUTO DE INVESTIGACION BIOACUATICA STILYVAN SA
584000.0,986027.82,11699.5,1.065,0990639523001,0.0,LANGACUA SA
330716.0,1279536.72,11699.5,1.065,0990659915001,0.0,BIOCULTIVOS MANABI BIOMANABI S.A.
138000.0,17533.48,11699.5,1.065,0990649294001,0.0,CAMARONERA PUERTO LIBERTAD CAPULSA SA
22279.71,3867.52,11699.5,1.065,0791721067001,0.0,CARANYUVA CIA. LTDA.
24205400.09,32068870.87,700890.22,0.71,0791722101001,1.0,PESQUERA MARYCIELO CIA. LTDA
15203347.43,5652481.83,582808.01,1.4,0990585962001,0.0,INVERSIONES METABAZ SA
46354051.54,65742359.13,2937809.15,1.0,0990583412001,0.0,ISCA ISLA CAMARONERA CA
4454534.88,5831414.42,42176.34,0.78,0790095758001,0.0,EXPORTADORA CAMARONERA MARCO WILCHES C. LTDA.
36758729.73,1489159.02,11699.5,1.065,0790101111001,0.0,GRUCAM CIA. LTDA.
490669.08,503237.04,11699.5,1.065,0791708036001,0.0,IMPORTADORA Y EXPORTADORA EMILIO NAGUA EMINAG CIA. LTDA.
3283292.57,3905395.76,281016.36,0.97,0791715733001,0.0,INVERSIONES PESQUERA ABRICMAR CIA. LTDA.
4206520.93,3552002.39,177341.12,1.53,0790095391001,0.0,LANGOSTINOS CAROLFA C. LTDA.
10193451.54,3345897.91,-47612.4,2.27,0790096258001,0.0,ESCAVI CIA. LTDA.
1617803.14,572182.89,11699.5,1.065,0992383658001,0.0,LIFAVA S.A.
31932549.6,44795601.23,4066936.86,1.07,0791719208001,0.0,EMCAMEX S.A.
4388691.35,6265331.47,68379.58,1.01,0791723256001,0.0,EXCELLAQUA S.A.
10035058.43,14228799.83,-584694.22,0.91,0791724112001,0.0,EXPLOMARSA S.A.
220618.2,938286.39,11699.5,1.065,0791725046001,0.0,JEKESA S.A.
5849372.03,1713886.99,11699.5,1.065,0790096983001,0.0,BANACOR S.A
31500.0,40422.46,11699.5,1.065,0790100158001,0.0,CAMARONERA EL CAPITAN (CECASA) S.A.
5713688.1,7831037.74,11699.5,1.065,0790100786001,0.0,LANGOSTINO S.A. (LANCONOR)
911710.86,461822.45,11699.5,1.065,0790152123001,0.0,FRILARVAS S.A.
160587182.61,110270260.57,16672823.27,2.51,0990881847001,0.0,ALIMENTSA S.A
840167.88,43855.36,11699.5,1.065,0990886091001,0.0,PRODUCTOS FRESCOS DEL MAR PROFREMAR S.A
8585319.91,13065731.28,110546.83,0.63,0990900418001,1.0,AQUACULTURA PUROCONGO S.A
5038372.92,3052007.84,565074.78,2.86,0990842949001,0.0,GILCAM 86 SA
209026825.05,210291195.74,25968569.19,1.19,0990844208001,0.0,NATURISA S. A.
5020301.55,3560500.09,857005.72,0.63,0990856125001,0.0,CASUR S. A.
4556498.37,7713825.94,652765.33,5.66,0990754519001,0.0,AQUA-GEN S.A.
32400.0,9664.81,11699.5,1.065,0990725748001,0.0,CAMARONERA ZULLI SA
399224.14,193825.44,11699.5,1.065,0990746753001,0.0,INVERALTO SA
7857274.28,1926912.37,11699.5,1.065,1791272331001,0.0,SOCIEDAD CAMARONERA CAYANCAS S.A. SOCCASA
1594470.92,1016160.86,40787.0,8.78,0791745985001,0.0,PROMARLIA S. A.
5531065.81,6674534.76,-2357820.04,0.73,0992664967001,0.0,MACROBIO S.A.
5776728.64,8823630.86,497442.19,5.5,0990948038001,0.0,PANTRUSKO S.A.
1755806.0,1646698.0,236040.0,2.86,0990925682001,0.0,MARINA DEL REY (MARDEREY) S.A.
188900.29,51143.49,11699.5,1.065,1791167449001,0.0,PROMOTORA RAMSIX CIA. LTDA.
2792090.83,5969344.5,-775333.29,0.52,0992667591001,0.0,UZCATIMPORT S.A.
50758.35,4100010.2,-122327.61,126.95,0992671548001,0.0,EXPORMEKSA S.A.
120.0,856.95,12.0,214.23,0992669306001,0.0,PAYAXCORP S.A.
273424.68,74380.3,11699.5,1.065,0990270899001,0.0,CORPACU S.A.
442863.36,32212.58,11699.5,1.065,0991094083001,0.0,JOPISA S.A.
1760676.9,6656060.48,81017.59,1.27,0990968349001,0.0,CAMARONERA SAN JOSE S.A. (SANJOCAMAR)
1432305.87,719545.26,26675.84,1.01,0791745446001,0.0,OCEANMARKET S.A.
387338.83,237005.14,-39075.31,0.96,0791745136001,0.0,CAMARONERA GUAJABAL S.A.
136198.66,286599.43,409.29,1.18,0791747430001,0.0,BIOCEAN S.A.
530497.22,473508.31,20832.31,5.58,0992669527001,0.0,COTELOCORP S.A.
1870678.71,1306115.87,87002.33,1.48,2490003285001,0.0,DEONES S.A.
4238662.91,155383.17,11699.5,1.065,0991213643001,0.0,PROFIAGRO S.A.
13700747.7,9502648.28,11699.5,1.065,0991324267001,0.0,MODERCORP S.A.
4616749.62,7022914.46,-151846.95,2.35,0991318585001,0.0,TONSNA S.A.
6283241.14,4264170.26,-384763.27,3.49,0991301208001,0.0,PLUMONT S.A.
3125962.75,5529295.97,-261789.21,1.47,0991266402001,0.0,AQUACULTURA TROPICAL S.A. AQUATROPICAL
2507564.21,4510961.75,41693.44,55.26,0991401164001,0.0,CHALEMAR S.A.
5217074.97,3427993.28,258248.42,3.78,0991367152001,0.0,NAVARONE S.A.
640062.5,849840.05,11699.5,1.065,0991339124001,0.0,MABIMPORT S.A.
90289.94,36580.47,11699.5,1.065,0991361278001,0.0,NARCE S.A.
391907.96,38683094.87,2649148.08,3.58,0991359354001,0.0,GRUBER S.A.
154560518.42,86022569.12,2053748.12,1.04,0991329331001,1.0,COFIMAR S.A.
4094186.78,6067950.99,-188805.11,0.18,0991445501001,0.0,SOLCAPITAL S.A.
752644.13,1012534.64,1019.89,0.79,0991406352001,0.0,CAMARONERA FLAMINGOCORP S.A.
1326035.81,2493452.82,47418.21,0.8,0791741726001,0.0,AGROBANASA S.A.
2457033.02,929437.34,54477.57,0.0,0791746175001,0.0,D.T.R. IMPORTADORA Y EXPORTADORA S. A.
414695.35,291767.01,-2992.09,0.76,0791746213001,0.0,PESQUERA ALIMPAC CIA. LTDA.
2037082.7,652111.6,11699.5,1.065,0991508627001,0.0,MAXILARVA S.A.
37368.0,79981.5,11699.5,1.065,0991472827001,0.0,SOUTH AMERICA TROPICAL FRUITS & VEGETABLES SOUTHTROPICAL S.A.
454408.75,4038431.19,39736.84,0.7,0791728797001,0.0,ROCORMIN CIA. LTDA.
30449732.5,68710687.71,1990053.15,0.52,0791728495001,0.0,PRODUCTOS DE EXPORTACION DIOMAR PROEXDI CIA. LTDA
2961178.72,84698.06,11699.5,1.065,0791728517001,0.0,MARRICO CIA. LTDA.
242293.73,488315.72,-94059.18,0.69,0791728843001,0.0,AGROCOMERCIAL ORENSE S.A. AGROCMOR
10592362.39,16673180.75,286188.93,1.34,0791730015001,0.0,FRUTAMARTI S.A.
4971352.78,9016735.93,132985.12,1.55,0791730007001,0.0,CAMORENSA S.A.
5602550.32,3295678.95,-538450.15,0.96,0791730716001,0.0,SAFARIMAR S.A.
1512479.59,1027222.49,17025.53,1.27,0791730651001,0.0,SOCIEDAD VIRGEN DEL CARMEN CIA. LTDA. CARMENVI
512635.65,314825.01,1804.75,1.01,0791731461001,0.0,CAMARONERA SHEN CHANG S.A.
499890.01,1557104.67,-7698.2,2.3,0791731054001,0.0,COMERCIALIZADORA JOSE LOARTE CIA. LTDA.
2148814.94,1093485.51,103099.24,1.3,0791731879001,0.0,COSTAMAR S.A.
1359598.86,2380454.13,-4568.51,4.42,0791732506001,0.0,SAMLIT C.A.
3674792.21,3205882.55,156112.54,8.51,0791732441001,0.0,VANECUBRI S.A.
21010910.81,30112907.54,564986.82,0.76,0791732913001,0.0,EXPORCAMBRIT S.A.
1393506.85,936005.18,36715.61,1.32,0791737559001,0.0,NUTRIFEED S.A.
1618710.95,827824.44,-64085.56,1.67,0791741920001,0.0,ALIMARKET S. A.
723936.76,436794.31,6588.31,0.45,0791733782001,0.0,ACUAMERIDA C. LTDA.
562253.5,941912.3,-4949.73,1.58,0791734282001,0.0,SEGAMAR CIA. LTDA.
1161315.58,701078.33,53052.89,1.87,0791734800001,0.0,MARJOFRAN CIA. LTDA.
1515797.4,560873.8,79250.24,3.14,0791734797001,0.0,CORPIECAM CIA. LTDA.
1308326.84,1072949.99,76339.26,0.98,0791735998001,0.0,CAMARONERA EXCAM S.A.
2561357.04,1051231.06,103605.86,1.69,0791736196001,0.0,ACUAFAGABE CIA. LTDA.
1918606.29,1046419.93,-21523.91,0.64,0791738164001,0.0,ACUINAVI CIA. LTDA.
739212.96,556439.09,19690.36,3.21,0791738601001,0.0,SEGACOR CIA. LTDA.
150.0,32488.48,65.84,541.47,0791738857001,0.0,GALLARDI S.A.
655308.14,337397.26,-34793.65,0.58,0791738989001,0.0,INDUSTRIAL CAMARONERA FEI-PAST ICAFEIPAST CIA. LTDA.
1029924.37,482191.28,12263.31,1.06,0791739551001,0.0,CAMARONERA HNOS. GUZMAN PAZMIÑO CIA. LTDA.
316379.45,315294.85,8686.18,1.6,0791739810001,0.0,HILUSA S.A.
465392.3,236157.4,-109157.52,0.88,0791741815001,0.0,CAMARDELIA CIA. LTDA.
1405109.05,1187463.87,45056.22,1.55,0992638907001,0.0,SEMBRIOS MARINOS S. A. SEMBRIOMAR
280789.85,174528.79,12171.09,11.44,0791740320001,0.0,CAMARONERA ALICIA S.A. CAMARLICIA
173104.82,507889.16,-278929.54,0.85,0791740622001,0.0,JUVEGRAN CIA. LTDA.
785807.02,672558.86,8591.11,8.54,1191734358001,0.0,VALDIMAR S.A.
1010651.1,298641.27,7021.58,1.09,1191734382001,0.0,AGRIMAR S.A.
2326702.66,3458602.95,224089.77,0.76,0791726867001,0.0,SHRIMPKING S.A.
2058825.56,9713069.83,-213694.38,1.42,1391751737001,0.0,CORPORACION ARAY ARAY BIOARAY S.A.
99915.33,1951.76,-592.77,1.065,0791746892001,0.0,CAMARONERAS ANHELO CIA. LTDA.
6490.0,113052.52,117.63,0.0,0791746531001,0.0,CAMARDUT S.A.
233774.09,1557549.31,-53922.49,3.8,0992702435001,0.0,NEXCROME S.A.
182160.0,503322.08,-3275.9,5.21,0992139501001,0.0,PRODUCTORA DE LARVAS Y MADURACION S.A. (PROLAMARSA)
2252862.81,1096955.86,4194.47,0.57,0992126345001,0.0,INDUSTRIAL PESQUERA SAN ROLANDO S.A. SANROLSA
2543701.32,36970441.2,550891.86,0.5,0992126744001,0.0,AGRICOLA AGROGUAYAS S.A.
4258892.0,5775514.49,82309.75,1.53,0992128526001,0.0,DELAI S.A.
171938.02,284379.87,13438.16,0.04,0992122560001,0.0,KUBRICSA S.A.
940951.9,276580.55,29402.85,0.71,0992124318001,0.0,FOISECORP S.A.
11660.0,110628.07,-7202.1,1.46,0992106980001,0.0,LABORATORIOS Y CRIADEROS MARINOS LACRIMAR S.A.
1642136.4,491561.16,46182.25,1.26,0992109262001,0.0,PIRAMILAB S.A.
71572.16,654469.86,-629.65,0.44,0992111585001,0.0,EBEKO S.A.
10308676.51,11120928.6,636142.73,0.88,0992103299001,0.0,TECNOTEMPE S.A.
4120084.11,3944989.16,444022.04,1.28,0992212845001,0.0,AZAKTILSA S.A.
403815.09,1172575.65,21354.86,0.69,0992171863001,0.0,LEGATORIE S.A.
26943534.8,27151795.66,2464556.74,1.64,0992177373001,0.0,CORPORACION LANEC S.A.
50.0,68731.53,39.0,4.12,0992165758001,0.0,METOLIMP S.A.
1063432.11,2598565.48,-166242.08,1.77,0992151617001,0.0,ROGMAR S.A.
2640773.2,1491666.92,-125155.98,0.98,0992151153001,0.0,BADESA S.A.
755567.17,947141.1,38072.42,0.89,0992183756001,0.0,JENFEL S.A.
1.14,2138247.04,-114053.18,0.02,0992174196001,0.0,GERLISA S.A.
575418.21,366786.89,20267.18,1.08,0992267534001,0.0,PISCINAS Y CULTIVOS DEL MAR S.A. PISCUMAR
14408993.53,12160005.67,697754.54,1.11,0992265191001,0.0,CEMARSA S.A.
1105889.31,341586.62,15574.32,1.69,0992267550001,0.0,CAMARONERA PRIMAVERA S.A. CAMPRI
127100.31,384094.33,106225.41,1.13,0992268417001,0.0,SISBROCORP C. LTDA.
274191.56,185316.07,2965.14,1.58,0992278927001,0.0,CAMARICULTURA LINA S.A.
138600.0,45830.08,-17248.03,2.96,0992270071001,0.0,MARTUNA S.A.
3829771.13,2588666.5,67240.7,0.85,0992270446001,0.0,"JESUS DEL GRAN PODER, J.D.G.P. S.A."
278100.4,2248038.88,-417585.66,0.69,0992288159001,0.0,STOPCORP S.A.
2316079.34,1999956.38,-13649.89,4.08,0992249447001,0.0,'' BIOCENTINELA S.A. ''
330.51,272055.95,-18530.5,0.69,0992249978001,0.0,TELDAZ S.A.
502580.0,424090.03,9069.51,12.63,0992252472001,0.0,CABANI S.A.
1031195.54,1262840.11,42404.65,1.12,0992242930001,0.0,ARENAFAM S.A.
39525.6,459093.07,1278.21,4.19,0992239069001,0.0,ACUAQUIN S.A.
250000.0,7757701.02,52360.59,1.51,0992210028001,0.0,BALAOMAR S.A.
1930.0,4933.55,-1.47,3356.15,0992218282001,0.0,ATLANSA S.A.
4783814.64,2875922.21,274760.64,2.77,0992218622001,0.0,ICHIBAN S.A.
57600.0,2860272.47,1235.86,11.2,0992329912001,0.0,VIERI S.A.
7592.1,1330.7,11699.5,1.065,0992315326001,0.0,QUALITYCOMPANY S.A.
99817.5,45239.36,-571.71,3.16,0992316144001,0.0,TABEL S.A.
4471206.32,2979142.08,-80836.46,0.53,0992311436001,0.0,MALIRI C.A.
175110.0,156283.16,92643.46,0.0,0992302178001,0.0,AQUACULTURA: INVESTIGACION Y DESARROLLO S.A. AQUAINDESA
3331706.15,2650204.81,58128.12,0.64,0992306092001,0.0,HARAUTE S.A.
970294.8,490288.06,-9328.61,6.6,0992295309001,0.0,ALBEMAR S.A.
341336.21,3724111.94,12805.7,1.78,0992591730001,0.0,ANSORENA S.A.
28805598.74,31999326.52,789034.45,0.51,0992592982001,0.0,ESTDICONST S.A.
3142722.09,1788562.23,-107634.8,0.76,0992593040001,0.0,PROMUSTERRA S.A.
4032643.73,8375061.96,1024084.33,1.27,0992597143001,0.0,COSUMISA S.A.
393408.03,234683.8,-4470.77,1.64,0992595280001,0.0,ECUACUICOLA S.A.
121933830.0,30056762.8,4559241.32,1.63,0992597895001,0.0,"PROEXPO, PROCESADORA Y EXPORTADORA DE MARISCOS S.A."
5938437.61,4677425.54,152363.78,3.09,0992397837001,0.0,CIMINOCORP S.A.
3616602.63,2543654.38,-84343.7,2.17,0992397829001,0.0,YMELMAR S.A.
3302693.19,12778522.9,47842.43,3.96,0992401591001,0.0,PRODUVETSA S.A.
433180.05,514828.52,3517.99,1.13,0992214473001,0.0,VINSOTEL S.A.
713864.91,497472.04,-39605.98,0.61,0992381299001,0.0,SERVISUERTE S.A.
10004351.09,20498471.06,143727.27,0.99,0992380942001,0.0,COMPAÑIA CAMARONERA FERASA S.A.
313592.12,1893431.5,-157079.93,0.39,0992386630001,0.0,MACODIS S.A.
156972.0,562412.46,11699.5,1.065,0992362944001,0.0,GABATI S.A.
6000.0,806139.41,-127520.76,0.33,0992364718001,0.0,VITRIN S.A.
2233524.56,7012868.38,62516.56,0.58,0992361212001,0.0,PROVEXPO S.A.
2478857.83,2712690.39,50604.79,0.36,0992451629001,0.0,RODYFLECSA S.A.
338510.56,53004.93,-1972.94,70.2,0992447400001,0.0,CEDEINEM S.A.
2180462.1,1952724.7,3942.0,0.0,0992433140001,0.0,BIGFISH S.A.
1547004.09,562641.41,11699.5,1.065,0992433485001,0.0,NATURALSELECT S.A.
2750514.81,2625966.19,204882.82,0.83,0992420081001,0.0,SUFALYNG S.A.
2584017.09,4433147.63,50669.14,0.22,0992421754001,0.0,LINGLE S.A.
15900.0,394421.42,263749.63,49.66,0992412801001,0.0,SEAFOOD ECUADOR S.A. FOODECUA
630600.9,228010.55,26171.69,0.0,0992417986001,0.0,NUTROSA S.A.
644210.49,534202.99,18263.66,6.35,0992516801001,0.0,QUOLIMP S.A.
4060274.31,4917799.92,96.42,0.73,0992520620001,0.0,NEGOBIAN S.A.
1163393.41,513563.71,132059.5,5.81,0992522321001,0.0,FAENAMIENTO DE CAMARON FAECAMSA S.A.
20440.0,73743.29,7073.57,0.51,0992521600001,0.0,CIAPROCOM S.A.
7692882.96,6783787.51,1245524.99,0.78,0992522690001,0.0,RODLAROK S.A.
9151680.95,5045791.72,1119669.8,1.54,0992534982001,0.0,KISHOR S.A.
1612282.51,868280.09,1612.9,2.46,0791727405001,0.0,JEANSMAR CIA. LTDA.
43094175.0,48084163.0,6009194.0,1.03,0992509597001,0.0,DISTRISODA S.A.
142917.14,2324119.86,4748.82,0.32,0992512849001,0.0,PESCALIA S.A.
32083.6,462927.55,5420.72,0.74,0992513063001,0.0,LANGOPESCA S.A.
28587347.39,21938391.43,3921173.36,1.29,0992514388001,0.0,GOLDENSHRIMP S.A.
266269.0,11133665.94,22476.96,1.45,0992501669001,0.0,BLAUNSA S.A.
1502156.38,692961.03,11699.5,1.065,0992507454001,0.0,PENSTATION S.A.
355453.42,79904.67,3614.19,0.23,0992492805001,0.0,BURCAMAR S.A.
104940.3,223278.19,-963.96,8.68,0992494654001,0.0,SERTURSA SERVICIOS TURISTICOS S.A.
97576.18,118886.6,18231.3,14.61,0992497491001,0.0,EXPORVALOR S.A.
258426.75,497942.84,2597.64,1.02,0992497300001,0.0,LOMESA S.A.
7.62,3218509.41,882.22,1.3,0992500859001,0.0,BLAYLON S.A.
18766478.0,3649902.86,-14262461.0,1.3,0992487682001,0.0,ZAMBRITISA S.A.
482833.5,1030859.95,1918.21,2.78,0992475765001,0.0,DOLARVENTAS S.A.
9502467.6,13012583.12,290790.7,1.11,0992476249001,0.0,AQUALINTER S.A.
895331.07,391349.25,1362.85,3.44,0992477539001,0.0,KLIMPY S.A.
111438.18,31673.59,11699.5,1.065,0992478020001,0.0,"EXPORTADORA DE CAMARONES DEL MAR, EXCAMAR S.A."
20.02,800.02,0.02,0.0,0992481315001,0.0,SERVIBLUE S.A.
1629776.36,1025053.45,23846.84,3.93,0992481757001,0.0,FILACAS S.A.
2403421.05,2438705.27,-44206.52,0.48,0992481722001,0.0,CALIMMO S.A.
1014501.24,580830.41,14197.9,1.62,0992482907001,0.0,FLOTCORP S.A.
2266953.31,605289.11,67166.86,1.3,0992468068001,0.0,KLINBAC S.A.
948478.55,2699053.68,29112.02,1.41,0992469366001,0.0,HISPANADELL S.A.
162629.0,621352.96,7714.64,0.22,0992472790001,0.0,CERBE S.A.
20844956.12,15786173.26,3037857.95,1.04,0992459123001,0.0,BIOTECNOLOGIA & GENETICA MARINA S.A. (BIOGEMAR)
106365.64,59104.61,-14687.31,0.06,0992459336001,0.0,ASESWORKER S. A.
31227.78,37765.93,11483.43,1.67,0992463740001,0.0,ASINFOR S.A.
49823.49,63933.18,-6983.65,0.02,0992462612001,0.0,MENTESUPREM S.A.
6460.0,1618615.37,0.0,25206.34,0992592729001,0.0,PESMACA PESQUERA MARINA C.A.
7261.25,4449019.82,0.0,256.41,0992590289001,0.0,TIMERSA S.A.
1295.0,1737540.26,0.0,321.42,0992590211001,0.0,CULTISEN S.A.
32395.0,2028979.58,-2467.17,80.17,0992590297001,0.0,METROPOLE S.A.
3303119.75,1607106.29,63348.57,0.57,0992581220001,0.0,YASIMCORP S.A.
1146437.15,900445.69,12877.37,1.35,0992566450001,0.0,GRANDBRAIN S.A.
1047567.66,630234.36,24579.96,1.78,0992568909001,0.0,CELISTCORP S.A.
110000.0,1298958.72,76005.26,0.0,0992570334001,0.0,CEVALLOS ESPINAR CEPINA C. LTDA.
267234.35,476111.54,-4176.4,0.74,0992567341001,0.0,ARMOTA S.A.
906776.89,272380.9,28415.15,0.93,0992555297001,0.0,FINCAS AGROACUICOLA FUZU S.A.
1336395.61,484850.54,22315.56,0.47,0992555807001,0.0,PISCIFRANZ S.A.
298786.7,4592461.4,-20517.43,1.01,0992539992001,0.0,ECUATRAINER S.A.
539080.11,3369251.63,19209.3,1.08,0992541253001,0.0,MULVIANT S.A.
77284.7,162276.82,-11772.65,0.15,0992543132001,0.0,PESCAM - ALAMO S.A.
7530481.82,2404253.57,14086.34,1.34,0992542055001,0.0,SUAMULTI S. A.
887438.28,1552311.49,90804.62,2.3,0992556935001,0.0,MARBLANCO S.A.
4162687.4,5082644.01,71174.11,1.63,0992536438001,0.0,ARMATECSA S.A.
36671.36,304485.64,3802.44,8.88,0992536675001,0.0,CAMACIEL S.A.
742399.79,4798009.64,21905.25,1.54,2091756407001,0.0,TOVOLPEN S.A.
7544757.12,4008938.4,712559.53,1.11,0992534990001,0.0,MADSEN S.A.
216507417.71,53566780.25,158271.79,0.8,0992528699001,0.0,EMPACRECI S.A.
113786.57,4151818.89,4935.81,0.73,0992531053001,0.0,MAUVEZIN S.A.
8821029.05,13077293.58,241689.55,1.34,0992599979001,0.0,ACUASAM S.A.
5758098.0,16623632.09,143026.18,1.17,0992599723001,0.0,MARTINCORP S.A.
2966486.23,2114867.05,91996.85,1.39,2490000286001,0.0,PRIMICIAS DEL MAR S.A. PRICMARSA
1198571.51,200894.87,9285.19,1.21,0992599332001,0.0,FORTUNAGRO S.A.
65856.24,464250.02,11699.5,0.04,0992603410001,0.0,IMPERIALCIA S.A.
390257.77,402153.82,1260.72,0.27,0992648481001,0.0,ABESTRO S.A.
586159.82,188589.34,-34756.66,0.64,0992650257001,0.0,ESTERO DE PALMAR S.A. (ESPALMARSA)
3931524.82,1942468.24,304358.26,1.34,0992637617001,0.0,"CAMARONERA DEL PACIFICO, PACIMAR S.A."
1499452.34,497595.93,931.21,0.73,0992630558001,0.0,NEGODICH S.A.
3554469.41,1625023.32,264245.9,1.2,0992632097001,0.0,"REY DEL MAR, REYMAR S.A."
258851.85,156601.2,758.3,1.25,0992631953001,0.0,CAMARONERA CAMIVAN S.A.
51821.75,1341140.61,-2195.84,11.34,0992624361001,0.0,PESQUERA SANTA MARIA DEL BAJEN S.A. SAMABASA
1832781.48,199571.91,27884.3,2.08,2490001657001,0.0,NIETOLAB S.A.
49992.47,1660657.91,-3412.03,15.01,0992624728001,0.0,ESPECIES DE LA COSTA S.A. COSTAESPEC
368877.21,4474291.66,4197.1,0.06,0992629886001,0.0,INCAPUBA CIA. LTDA.
379464.5,883485.23,-110738.11,2.86,0992636777001,0.0,RAPASINC S.A.
564117.9,693933.36,22285.72,0.47,0992617500001,0.0,CAMARONCORP S.A.
81040674.79,114072033.03,6160321.3,1.2,0992721138001,1.0,LIMBOMAR S.A.
676085.13,579147.62,2440.86,5.34,0791751535001,0.0,ROHECAM S. A.
1826779.77,2473147.46,4270.0,0.77,0791746876001,0.0,PROMARPA S. A.
1771018.85,1583637.91,70054.46,1.24,0992746823001,0.0,TIBALLOSA S.A.
2376203.92,5132789.45,38335.77,1.05,1391791143001,0.0,BIOCULTIVOS DEL NORTE BIODELNORT S.A.
557959.91,421888.35,1947.29,0.32,0992748249001,0.0,GIORNALE S.A.
507551.28,228555.21,-31743.83,0.52,0791754534001,0.0,ACUILOAIZA S.A.
904184.9,415837.48,5964.32,0.46,0791753872001,0.0,CAMANDUL S.A.
343855.47,101490.47,15180.99,0.0,0992728973001,0.0,COMERCIALIZADORA GUERRERO S.A. COMGUERSA
1210655.3,381560.87,46799.44,0.69,0791753597001,0.0,CAMARONERAS AGUIRRE CAMAGUIRRE S.A.
223820.0,84105.69,914.26,374.59,0791753546001,0.0,CAMARONERA TRES HERMANAS CAMTREHER S.A.
2553097.4,1697708.73,-222761.25,0.16,0791754801001,0.0,CAMPANT KM-13 S. A.
1289421.21,2412446.42,19763.96,0.41,0791753813001,0.0,AGRIMARINE S.A.
21322653.93,10334897.14,926746.69,1.2,0791758890001,0.0,NM & ASOCIADOS S.A.
20.0,400.0,3.9,0.0,0791758610001,0.0,GLAMASUR CIA. LTDA.
115748.66,217920.63,-929.02,1.18,0791758335001,0.0,ACUIDALI S.A.
220607.44,193095.83,35422.58,1.08,0791758319001,0.0,CRUSTANOCEAN S.A.
325219.03,368120.61,32020.38,0.27,0791758297001,0.0,ACUIFRESH S.A.
1260421.62,2295914.99,-67540.17,0.2,0791756847001,0.0,NESEGO S.A. NEGOCIOS SEGARRA GOSSAIN
2568057.07,1782820.75,114363.82,2.0,0992754486001,0.0,NERYCORFERSA S.A.
212087.52,2736275.28,55224.31,0.33,1792365198001,0.0,FREDDYSHRIMPS CIA. LTDA.
6588520.49,985291.65,97233.3,0.69,0791760283001,0.0,TORRICHELY S.A.
9047047.93,9962929.92,444033.23,1.04,0791759625001,0.0,BIOALAMOS S.A.
677409.33,877968.08,-318276.51,0.54,1191746143001,0.0,IPYCA EXPOCAMARON CIA. LTDA.
37175808.42,22483787.12,1000683.14,0.91,0791759986001,0.0,COSTAMARKET S.A.
178658.61,494997.48,1104.5,2.01,1792107938001,0.0,EXPOCAMARON S.A.
8350.0,445826.28,0.0,0.17,1792109272001,0.0,CAMARONERA MARPUSI CIA. LTDA.
2625941.68,4695761.6,76847.05,0.9,1792204216001,0.0,COMPAÑIA AGROINDUSTRIAL Y DE RECURSOS ACUICOLAS CAMRAM S.A.
260582.88,457159.95,4184.8,1.04,1792192323001,0.0,PROCULCAM-ECUADOR CIA.LTDA.
528064.25,267598.27,0.0,1.065,0992859148001,0.0,LANGOECUEXPORT S. A.
749439.88,304890.43,-5186.98,0.91,0791761352001,0.0,CAMARES CIA. LTDA
120.0,920.0,120.0,383.33,0992787791001,0.0,MARAJ S.A.
100.0,198484.33,5.0,0.0,0791761514001,0.0,COMPAÑIA SAMACAN S.A.
7506289.81,15067462.88,26375.92,0.77,0791768209001,0.0,CAMARONERA CAMANMOR S.A.
1974091.16,5443466.5,-337397.75,0.53,0791760720001,0.0,SHRIMPCAMERON S.A.
23.16,497555.89,-18384.26,0.56,0992786280001,0.0,MARMILENIO S.A.
6155808.62,614001.05,78351.8,5.92,0992813512001,0.0,DISTRIBUIDORA PESQUERA MARINA S.A. DISPEMARSA
16994467.19,16276356.58,-206811.43,0.48,0992809183001,0.0,SABANETACORP S.A.
300313.22,107401.49,11477.27,1.98,0992790784001,0.0,COMPAÑIA DE INSUMOS PARA LA ACUICULTURA Y PECES INSULACUA S.A.
1939538.44,2131010.99,-129996.83,0.52,0791762324001,0.0,CAMARONERA AGUILAR CABRERA SALAZAR CIA. LTDA. CAMACSA
1257481.16,2374014.26,967970.53,1.33,0992834692001,0.0,FOODMARIN S.A.
598136.65,461176.23,24487.36,0.48,0791767768001,0.0,CAMARONERA OCEANMARTIN CIA. LTDA.
435835.84,183864.91,101.51,1.19,0791767229001,0.0,EXCABIO C. LTDA.
900646.81,286295.16,18736.7,1.96,0992832665001,0.0,CAROLGASA S.A.
182333.7,690899.02,0.0,0.95,0992828455001,0.0,ECUADORIAN SHRIMP COMPANY CIA. LTDA. ECSHICO
117867.38,10953.86,305.41,2.35,0791765862001,0.0,GRURAMOS CIA. LTDA.
119289.77,45840.0,149.27,1.14,0791765889001,0.0,CRUSTARAMOS CIA. LTDA.
98835.22,21093.25,3116.82,23.23,0791765897001,0.0,CAMARONERA ZOILO RAMOS CIA. LTDA.
9532887.57,20767107.2,671364.2,0.89,0791765196001,0.0,GODYA CIA. LTDA.
14861032.96,23834205.75,764689.44,0.41,0992856653001,1.0,BELLITEC S.A.
982806.71,2435940.02,26308.71,0.54,0791771811001,0.0,CAMARONERA CARMAVI S.A.
2887266.11,1336071.36,26429.99,1.05,1391815255001,0.0,AQUAMELARVAS S.A.
21669957.29,40218942.26,1113411.18,3.58,0992855177001,0.0,COMPAÑÍA ESHECLABRI S.A. CLABRISA
825726.87,402547.61,3291.2,0.9,0791770890001,0.0,PESQUERA ROBALO DOS ROSPES CIA. LTDA.
284851.2,200010.52,-19602.79,1.39,1391814496001,0.0,FEBACUA CIA. LTDA.
2533031.59,625710.13,98123.82,2.52,0992850663001,0.0,PROCAMAPES PRODUCTORES DE CAMARON PESANTEZ & ASOCIADOS S.A.
4868997.53,2828586.77,181956.71,1.35,0791770262001,0.0,LANGOSTINOS ACUIFARZ CIA. LTDA.
445076.13,546066.83,-79780.64,2.69,0791770270001,0.0,AQUAVI S.A.
6892831.96,8313310.38,502185.15,1.18,0992845465001,0.0,MENIER S.A.
18187160.49,17603035.89,1414608.66,1.1,0992839473001,1.0,LUKMAR S.A.
142283937.3,69501825.24,-3174607.39,1.01,0992838795001,0.0,PROCESADORA Y EXPORTADORA DE CAMARON PROCAMARONEX C. LTDA.
29560627.03,9568773.45,42665.75,0.66,0791768039001,0.0,EXPORTADORA DE CAMARON ECUATORIANO EXCAMECOR COMPAÑIA LIMITADA
218694.55,110944.15,5064.14,8.48,0791768306001,0.0,PRODUCTORA DE CAMARON BALAO PROCAMBAL COMPAÑIA LIMITADA
454507.38,4044445.46,-353113.16,1.19,1191752240001,0.0,COMPAÑIA PRODUCTORA DE CAMARON DE EL ALAMO PROCALAM S.A.
177567.51,2114336.97,2728.76,0.62,0992865377001,0.0,ZARKINSY S.A.
378.55,490876.94,192.12,6.01,0992874007001,0.0,BURCAPESCA S.A.
546781.08,800185.99,-95366.06,0.5,1391818815001,0.0,ACUICOLA MOBE ACUMOBE CIA.LTDA.
14400.0,151275.57,256.26,0.23,0791772699001,0.0,L'AQUILAG S. A.
1152839.66,476902.46,17756.33,0.61,0791773210001,0.0,CAMVAJA S.A.
1514531.58,632504.91,195751.6,1.91,0992865091001,0.0,IDEASERVI S. A.
3255059.05,928448.93,24523.83,0.58,0791772362001,0.0,AGRIMINGOLD S. A.
679281.5,298487.83,37201.89,1.35,1191717941001,0.0,PRODEXCAM S. A.
27144.0,800.0,0.0,0.0,0992921838001,0.0,PESQUERA VITERI& VITERI PEVIVISA S.A.
4047302.11,9107744.23,125151.79,0.7,0791775655001,0.0,SAFARIPLAYAS S.A.
316088.53,486965.16,581.29,0.1,0791775647001,0.0,CAMARONERA LOLITA MATILDE MATACA CIA.LTDA.
422556.86,432756.62,14901.37,0.07,0992906979001,0.0,RANCHOMAR S.A.
1232738.06,321648.89,53945.04,0.82,0791776333001,0.0,NOSTRAMAR S.A.
6897495.7,10186909.13,743760.24,0.84,0791774624001,0.0,ANGARSHRIMP S.A.
766596.69,1801933.34,97954.14,0.33,0992886021001,0.0,GALABALAO S.A.
1675.57,14800.0,0.0,0.0,0891745028001,0.0,CAMARONERAS JUDALEYPA CIA. LTDA.
40.0,800.0,0.0,0.0,0992876042001,0.0,MUVEIR S.A.
1295262.1,439429.64,-17998.36,0.0,0791773776001,0.0,ACUICOLA FEIPEN S.A.
56619.2,3196384.63,11189.53,0.99,0992877316001,0.0,CAMARON DE LA ISLA CHUPADORES ISLACHUP S.A.
3039832.24,475770.93,-16344.44,0.81,0992932716001,0.0,GRANDAQUA GRANDA & ASOCIADOS COMERCIALIZADORA GRANDAQUA S.A.
109588.48,430080.13,0.0,1.02,0791780462001,0.0,PRODUCAM C& L CIA.LTDA.
1503692.3,178826.38,38699.88,1.32,0992919507001,0.0,COMERCIALIZADORA DAGEREXPORTS S.A.
2107080.21,553379.41,65322.55,2.71,0992922389001,0.0,COMERCIALIZADORA RENGIFO & SANCHEZ PRODUCTOS DEL MAR RENSANMAR S.A.
1231542.58,3921916.56,-6316.89,0.24,0992923636001,0.0,BEAQUIR S.A.
46628.4,4310.4,2283.86,1.065,0992926627001,0.0,ACUICOLA Y PESQUERA AVILA & ASOCIADOS AVILPESCAM S.A.
1026445.53,592567.84,17138.71,1.35,1391764618001,0.0,ALFA & OMEGA S.A. ALOME
991614.25,581486.26,17376.46,1.05,0791787920001,0.0,LABORATORIO DE LARVAS DPKSUR S.A.
414019.54,336897.09,582.46,0.81,0791786614001,0.0,LANGOSTINOS ANKLAMARSA CHINININ ANGAMARCA S.A.
10743442.61,946346.93,428420.86,1.96,0992970650001,0.0,CORLAPROD S.A.
2169551.2,1215104.65,39914.2,0.88,0791784573001,0.0,OCEANAZUL S.A.
4432702.58,1538857.4,46596.74,0.78,0791782228001,0.0,JARCELMAR CIA.LTDA.
39483.43,106491.6,4442.66,1.065,0791781426001,0.0,CAMARONERA NOBLECILLA ROMERO NOROSHRIMP S.A.
654425.92,479153.91,73001.01,4.49,0992905123001,0.0,LANGOMARA S.A.
168961.71,350575.44,5523.72,0.07,0992906960001,0.0,PF-SHRIMP S.A.
1926361.54,2523641.7,26027.43,0.67,0992908092001,0.0,KRISMARESEAFOOD S.A.
753485.34,442263.75,11802.65,0.36,0791790034001,0.0,CAMADUTAR S.A.
1350011.1,492982.02,72286.73,1.69,1391856482001,0.0,LABORATORIO LARVI - MANTA ''LARVIMANTA'' S.A.
2357009.22,3723327.67,46400.76,0.65,0791797527001,0.0,LABORATORIO LARVAS DE CAMARÓN ''SHRIMP&LAB'' S.A.
134884.0,813934.78,84981.45,0.37,0791794560001,0.0,PRODUCCIÓN CABRERA AGUILAR Y COMPAÑIA CABACOMPA S.A.
20216.07,2000.0,0.0,1.065,0993027162001,0.0,FERPACIFICSEAWORLD AGRICOLA CAMARONERA CASTRO & SAMANIEGO SOCIEDAD ANÓNIMA
13336.0,72094.7,-38353.26,0.0,0993028304001,0.0,ACUICULTURA REPRODUCTORES Y NAUPLIOS CALISUR CALINAUPLIO S.A.
759467.89,2396082.63,0.0,0.43,0791793653001,0.0,NEGOCIOS ACUICOLAS SEMACU A&A SEMACU S.A.
20.0,53565.08,-26.66,10.86,0993021563001,0.0,INDUSTRIA CAMARONERA INCABRERSA S.A.
1027266.0,483470.62,66.05,1.34,0993022810001,0.0,CAMARONERA Y EMPACADORA SANFARMAR S.A.
3979070.05,5971999.4,-178917.53,1.68,0791792207001,0.0,CAMAGROMAR S.A.
372497.56,1141859.21,-132374.37,0.97,1191765628001,0.0,PRODUCTORA DE CAMARÓN PROCHACRAS CIA.LTDA.
323956.5,163318.36,11521.59,1.15,1391850263001,0.0,COMPAÑIA ACUICOLA GAMBENATTI S.A.
444395.42,210057.74,27924.67,2.76,0993006904001,0.0,AQUACHALEN S.A.
33804.4,67593.22,7121.46,0.16,0791805813001,0.0,EMPRESA CAMARONERA LOS CABOS EMPCABO S.A.
16800.0,17600.0,16740.0,293.33,0791804183001,0.0,STALIN SHRIMP STALINSHRIMP S.A.
415.0,1215.0,-93.3,1.64,0993105368001,0.0,PROFERCOR-AR S.A.
473382.74,1331801.61,32437.94,0.95,0791804663001,0.0,CAMULLAGUE CIA.LTDA.
19658.68,1431.28,492.4,0.0,0993086460001,0.0,MASTERCAMARON S.A.
2292118.9,3868657.86,10184.69,34.5,0791802385001,0.0,SANJUDASTADEO CAMARONERA S.A.
2599782.19,1172170.29,30047.7,0.49,0791802881001,0.0,ROSSCAMARONERA S.A.
2166560.86,986624.98,66407.87,1.61,0791802938001,0.0,ELCIEMAR S.A.
14483100.96,16398907.82,951889.41,0.36,0791801265001,0.0,CHENGYE CIA.LTDA.
1298302.07,868914.35,-271.2,0.74,0791801494001,0.0,PRODUCCIÓN LANGOSTINOS CAMARONERA PAGUA LANGOCAMPA S.A.
501723.21,180490.55,13055.0,0.88,0791801834001,0.0,NESDOMALI S.A.
38610.6,11960.53,4082.78,1.87,0791800714001,0.0,EXPOSHRIMP S.A.
5229029.38,5854331.13,20546.77,0.85,0791799155001,0.0,CAMARONERA PINGUINOS DEL MAR PINGUIMAR S.A.
473530.48,389779.86,-1801.72,0.45,0791799759001,0.0,PUNACUARIOS S.A.
6053486.38,4652545.47,25823.21,0.79,0993204986001,0.0,PRODUCTOS NATURALES DEL MAR PRONADMAR S.A.
903122.0,968274.85,10829.66,0.63,0791821703001,0.0,LARVAS DEL PACIFICO PACIFILAB S.A.
645633.0,255072.97,9801.34,1.08,0791821169001,0.0,LANGOSTINOS GOLD LANGOSGOLD S.A.
57966.88,43373.05,200.64,3.53,0993201863001,0.0,CRIADEROS Y EXPORTACIONES PARAISO CRIEXPAR S.A.
124126.15,137355.92,24590.34,0.35,0993187437001,0.0,AQUAMARCHICA S.A.
137301.78,140983.17,27996.4,1.26,0791809096001,0.0,JOTAFLAMINGO S.A.
50100.0,49942.66,-153.63,0.71,0791809398001,0.0,MARINATUM CIA.LTDA.
147146.3,1980.36,0.0,1.065,0992904054001,0.0,AQUAOCEANI S.A.
66014.57,100758.73,-1212.48,123.39,0993137359001,0.0,LEASALT S.A.
309797.0,273941.45,2831.56,6.76,0993138835001,0.0,EXPOJELIX S.A.
479284.24,469351.78,12259.04,1.27,0993139688001,0.0,ANGLERS SOUTH AMERICA ANGLERSA S.A.
574244.82,617545.05,82162.89,2.75,0791806526001,0.0,ACUICOLA ALVARITO ACUALVA C.LTDA.
3238855.82,2280193.54,505134.91,1.88,0993127663001,0.0,PRODUCCIONES ACUICOLAS STAR ACUINAT S.A.
1298302.07,868914.35,-271.2,0.74,0791807220001,0.0,GRUCAMPAGUA S.A.
748462.37,385020.43,51150.89,0.64,0791807360001,0.0,OCEANMOON S.A.
5739844.08,3048132.86,1561.56,0.97,0992900857001,0.0,PRODUACUICOLA S.A.
1580055.87,559320.78,62124.08,0.82,0992904895001,0.0,CAMARONES Y PESCA DEL ECUADOR CAMPEEC S.A.
179184.99,1612533.21,45766.01,0.1,0791776147001,0.0,ROCORMAR CIA.LTDA.
3139463.58,1786681.14,6850.51,1.05,0993239860001,0.0,LABORATORIO-CAMARONERA ''SEA&LAB'' S.A.
172976.89,561494.99,-42651.31,0.2,0993229725001,0.0,MULIANG S.A.
410.0,652.95,-147.05,0.0,0993231088001,0.0,CAMARONERA DONBRANGU S.A.
597621.84,1009509.31,13094.53,0.35,0993232742001,0.0,CAMARONES FRANANT DEPASCAM S.A.
11595010.37,15460100.51,374897.31,0.36,0993062057001,0.0,"CAMARONERA IMPORTADORA, EXPORTADORA HENGYANG CIA.LTDA."
3375616.69,1880174.45,1783.73,1.05,0993056189001,0.0,CULTIVOS SANTA ROSA CULSARO S.A.
18000.0,90710.77,0.0,0.54,0791777860001,0.0,PROBIOGEN S.A.
2165476.14,1572679.83,94733.21,0.43,0791778077001,0.0,CAMARONERA CAMMARBEN S.A.
96316376.61,44591794.2,717647.94,1.09,0992911956001,0.0,EXPORTADORA TOTAL SEAFOOD TOTALSEAFOOD S.A.
803399.1,392064.5,1010.53,0.65,0791789583001,0.0,LA MARAVILLA VIVANCELI CIA.LTDA.
557578.11,295663.07,7829.7,1.04,0992926902001,0.0,CAMARONERA LA COMARCA DCMC S.A.
259281.8,25815.33,12327.64,2.14,0992927305001,0.0,''AGRI&CAM'' S.A.
1419842.11,281853.49,10530.71,2.27,0992918322001,0.0,MARELUCSA S.A.
55555.56,174062.78,872.0,2.52,1391824998001,0.0,AGROPESQUERA LAGOSMAR ''AGROLAGMAR'' S.A.
12862.18,1186.08,0.0,2.39,0992913363001,0.0,DISTRIBUIDORA MEDINA & YAGUAL MEDIYAGUAL S.A.
1170503.33,1005443.96,17453.14,1.31,0791784484001,0.0,CAMARONERA DNC S.A.
1174288.5,483334.24,1632.72,1.01,0992961252001,0.0,ECUFRIENDLY S.A.
871802.05,2268918.06,-665361.89,0.7,0791784468001,0.0,CAMARONERA INVERSIONISTAS CAMARONEROS GOLD INVESCAMGOLD S.A.
3050551.85,4304345.68,23095.39,1.74,0992959177001,0.0,AGROPECURIA AQUA CAMARON AGROSEACOM S.A.
2315742.57,1035696.03,33576.08,1.0,0992954655001,0.0,FRUTAVIVA S.A.
23675037.9,2750996.88,10762.05,0.84,1391833008001,0.0,ROJAS & CEVALLOS EXPORTADORA CEVAROEX S.A.
523460.22,97202.41,20316.32,14.78,1391831617001,0.0,PESQUERA GOMEZ PROAÑO PESGOM S.A.
100172.79,7780981.5,45637.22,0.22,0190420442001,0.0,FANAQUA CIA.LTDA.
378999.04,15031120.75,87558.1,1.0,0992933011001,0.0,QUIRECPRO S.A.
1550453.17,369211.86,15071.27,1.21,0992933496001,0.0,MARISCOS Y CANGREJOS MARCANGRE S.A.
10329272.01,5413913.15,345636.53,0.0,0992936940001,0.0,AQUASALT S.A.
301040.0,414647.19,981.75,1.23,0791790786001,0.0,LUCATOSHRIMP C.LTDA.
334219.49,496103.28,1880.64,2.2,2490018789001,0.0,VALDAQUA S.A.
46282.0,27085.96,-35129.25,4.02,0993011851001,0.0,PACIFICLAB S.A.
3281136.16,3278052.11,34094.09,0.64,0791792169001,0.0,ALFASHRIMP S.A.
1440779.96,1681469.59,104253.81,1.74,0993003506001,0.0,LABORATORIO Y CAMARONERA WANBRI S.A.
442536.41,144720.22,28077.9,1.03,2490018487001,0.0,SHRIMP & FISH - AQUACULTURE SERVICES SHRIMPFISH S.A.
2130432.85,940742.06,10081.74,1.34,0993010316001,0.0,LABORATORIO MEGA CRIA MAKROLAB S.A.
9609197.81,7234024.28,711347.46,2.09,0791791634001,0.0,XIN-REN CIA.LTDA.
1068425.25,913557.33,19843.65,1.69,0992998490001,0.0,CULTIVOS MARINOS CULMARINSA S.A.
10155770.05,7703443.68,950810.49,0.69,0992995505001,0.0,CAMARONERA NOVILLOS CAMANOVILLOS S.A.
117514.0,359386.16,9146.12,0.0,0992996455001,0.0,ACUACULTURA VALENCIA ACUAVALEN S.A.
16152197.99,22907635.56,-1519767.91,0.44,0993000019001,1.0,CAMARONERA SUPRACAMARON ECUADOR ECUASUPRA S.A.
1291418.19,246018.81,-1258697.8,1.17,0992990023001,0.0,FRESH-SEA S.A.
1182279.75,94810.37,-1127907.0,1.52,0992991143001,0.0,MAR&FINSHING S.A.
1386521.59,119741.93,-1341843.8,1.42,0992991399001,0.0,FISHING-SHRIMP S.A.
73791.63,1228558.49,29459.07,1.4,0992993944001,0.0,CAMARONERA BALAO CAMBALASA S.A.
9525990.54,9930918.64,738142.01,0.41,2490017138001,0.0,LABORATORIO-ACUATECSA ACUACULTURA & TECNOLOGIA S.A.
842130.19,673726.3,-3252.0,0.78,0992989297001,0.0,IMPORTACIONES AGROINDUSTRIALES ACUICULTURA ACUIMPO S.A.
9078970.77,9291503.84,-634949.74,0.88,0992982004001,0.0,ECUADORIANSHRIMPS S.A.
551635.42,121453.09,1789.07,1.25,0992985801001,0.0,INSUMOS PARA EL CAMARON INCAMAROSA S.A.
6599864.58,11555566.74,371573.62,1.71,0992991194001,0.0,CAMARONERA CAMAVIOSIL S.A.
588364.63,971189.41,1854.3,0.57,0992975865001,0.0,EMPREACUA S.A.
262191.4,1137221.85,3990.33,1.065,0791786150001,0.0,LANGOSTIORO S.A.
71240.66,359393.65,576.17,1.065,0791786363001,0.0,CAMARGOLD S.A.
1946845.44,1536883.13,62542.27,0.67,0993054070001,0.0,CAMASHRIMP S.A.
729298.96,221272.01,3803.69,0.88,0993054135001,0.0,CAMAHUMBER S.A.
3524.24,22688.51,450.07,1.12,0993052280001,0.0,SOLUCIONES ACUICOLAS SOLUACUICOLAS S.A.
217400.23,3931663.38,-857115.51,2.01,0993049921001,0.0,VAVIL&CORP S.A.
1734186.47,450830.26,73367.71,2.78,2490020708001,0.0,CIAPROLARCAM S.A.
1107752.81,305851.55,-576486.8,0.0,0993051691001,0.0,AQUA-HOA S.A.
1.0,2071406.7,-0.25,3.59,1391859945001,0.0,CABALMARON S.A.
318.64,2498943.04,318.64,11.19,2490020325001,0.0,CULTIVOS DEL PACIFICO CULTIPACFSA S.A.
262555.04,78000.0,173572.9,1.06,2490020236001,0.0,NEPTUNOLAB S.A.
12310.36,327777.38,7866.76,1.065,0993032247001,0.0,GOLDSHRIMP S.A.
2890458.01,1486062.02,-66457.94,0.7,0791795710001,0.0,CAMARONERA DEL MAR GRUCAMDEMAR S.A.
9248554.25,11695130.19,79002.9,0.59,0993035610001,0.0,FAISPAA S.A.
3777591.89,6412622.19,191384.48,0.29,0993035564001,0.0,FAJARDOSLAB S.A.
8122846.1,10264618.19,446401.02,0.69,0993035572001,0.0,IPFACA S.A.
78260.84,1740.8,78.59,2.01,0993026956001,0.0,VALDILARVA S.A.
10355413.11,3484371.21,268695.78,1.26,0791796369001,0.0,GOLDCAMARON C.LTDA.
1205614.46,2368474.39,34095.47,1.33,0791795389001,0.0,ACUICOLA MAR&TIERRA S.A.
866372.22,715179.1,315.33,2.58,1391851863001,0.0,CAMARONERA VERDUGA VERDUCAM S.A.
67400996.44,102740423.9,6049812.97,1.02,0993036366001,1.0,GODPROEX PRODUCTORA Y EXPORTADORA S.A.
211480.78,514020.79,7860.18,0.47,0993025682001,0.0,COMPAÑIA CAMARONERA DE LA BAHIA CHLG S.A.
957608.41,110699.46,-905714.14,1.72,0993025941001,0.0,SUPPLY-FISHING S.A.
3463573.66,2819807.83,-246755.57,1.2,0993017787001,0.0,CAMAPEX S.A.
4061897.43,715118.94,200937.29,7.03,2490019157001,0.0,TECNOLOGIAYSERVICIOSTECSERV S.A.
163035.68,185414.78,0.0,1.065,0993019526001,0.0,AQUADEX CIA.LTDA.
30522663.45,41218709.0,5119765.34,3.73,0993021156001,1.0,GREENTRAILCORP CIA.LTDA.
26225.21,1359604.42,16611.28,0.0,0993025526001,0.0,DICARJO S.A.
2094747.94,1578960.29,80745.27,0.99,0993016691001,0.0,VIACUA S.A.
6017658.17,13005612.18,-36714.18,0.21,0993059463001,0.0,CAMARONERA MARCRESCI MARCRESCISA S.A.
7386.86,243594.47,-0.6,5.41,0993059358001,0.0,SANOLMEDO CIA.LTDA.
1043621.62,494951.24,9361.04,0.35,1191768767001,0.0,CAMARONERA CASTILLO PIEDRA CASPIEMAR CIA.LTDA.
17394240.56,20567536.18,1751923.19,1.98,0993063436001,0.0,INTEDECAM S.A.
1406950.07,708143.79,42118.0,1.96,0993100900001,0.0,PLUSLARVA S.A.
1783829.74,182253.26,15801.01,24.81,0993100846001,0.0,COMERCAITM S.A.
3752679.81,5948756.59,-252633.74,1.7,0993101842001,0.0,CAMARONERA ALGARROBOCORP S.A.
558888.0,170695.82,25452.37,1.29,0791803454001,0.0,TAYAMBRO S.A.
197602.74,922427.31,7759.48,20.08,0993085294001,0.0,BUBBA S.A.
113486.2,52574.21,1083.01,1.54,2490023596001,0.0,INDUSTRIA CAMARONERA VIGORMAR - IVAC S.A.
184661.49,164781.22,1983.11,2.53,1391873530001,0.0,CAMARONERA NESTOR ALCIVAR GARO S.A.
129458.8,30541.75,6252.12,5.27,2490022956001,0.0,REYDAMARSALAB S.A.
311494.0,57850.16,16187.85,1.59,1391869770001,0.0,LABORATORIO DE LARVAS MER-MAR LABPED S.A.
806400.1,1071277.8,847.41,0.77,0993096687001,0.0,CAMARONERA COMERCIALIZADORA Y PRODUCTORA CONCAMARON S.A.
606956.08,1591654.35,-65657.35,20.97,0993085847001,0.0,RENCAMM S.A.
438918.4,968134.18,9855.03,0.87,0791801354001,0.0,WORLDCAST S.A.
140000.0,941465.87,-16990.51,0.12,0993076317001,0.0,ACUICOLACAM S.A.
121766.67,85969.57,34709.93,68.17,0993066435001,0.0,ACUICOLA ASAN & CHERREZ ASACHER S.A.
10668.68,13449.0,0.0,1.065,0993066222001,0.0,COMPAÑIA COMERCIALIZADORA ACUEMAR&CORTEZ HIJOS SOCIEDAD ANÓNIMA
649739.8,868061.78,-502189.39,3.36,1191768988001,0.0,PRODUCTORES DE CAMARON GALLO & VALDIVIESO PROCAMGAVA CIA.LTDA.
2135543.41,838547.59,17851.13,1.63,2490021712001,0.0,INDUSTRIA CAMARONERA CONSTAMAR-IVAC S.A.
1459074.29,2019424.67,-261098.67,0.35,0993148040001,0.0,PACIFCAMARON S.A.
1759570.07,498000.26,16402.9,1.0,0993151386001,0.0,SEVERFLO S.A.
3158849.57,2237730.28,-9008.56,0.36,0993131393001,0.0,CAMARONERA DOÑAREQUE S.A.
861980.15,824961.01,4662.46,0.55,0993135275001,0.0,BUBBALAB S.A.
6577183.23,794431.63,203880.25,2.16,1391880960001,0.0,ALFICAMARONES S.A.
15.0,258772.84,0.0,0.0,0791806674001,0.0,PRODUCTOR DE CAMARÓN INTENSIVO PROCAMINT S.A.
11395649.09,30870398.49,-2871376.96,0.35,0993125237001,0.0,SEAGATE C.L.
415768.64,173751.87,6663.99,0.87,2490025343001,0.0,ACUAMECK S.A.
774365.47,499190.44,257017.05,6.18,0993126772001,0.0,MEGABRILLO S.A.
552175.0,879372.57,-47653.26,2.13,0993132187001,0.0,NAUPLIOSLAB CIA.LTDA.
824738.36,721225.06,108634.34,4.5,1391878850001,0.0,''ACUITORMU'' S.A.
130560.0,533029.9,130409.82,0.0,0993128554001,0.0,GRUCAENSA S.A.
6277156.66,6429130.52,110574.3,0.49,0190458032001,0.0,PRODUCTORES&CAMARON S.A.
3066415.13,13533830.95,-229591.24,0.21,0791805600001,0.0,CAMINMARS CIA.LTDA.
7915701.86,7850981.16,-509105.39,0.55,0993118044001,0.0,CAMARONERA LAS DELICIAS CAMDELICIAS S.A.
142512.33,73004.07,55.93,4.65,1391876572001,0.0,EMPRESA AGROINDUSTRIAL Y COMERCIAL EMAGROCOM S.A.
186660.3,382891.39,5294.67,0.24,0993121908001,0.0,PRODUCTORES LUISALBA S.A.
2254755.83,1016316.33,1218.74,0.84,0993119598001,0.0,CAMAGUYCA S.A.
50.0,810.68,0.0,75.9,0993120502001,0.0,OCEANOS FRESCOS DEL ECUADOR OCEANFRESCUA S.A.
1070749.14,243188.95,28666.21,12.16,0791806046001,0.0,DAKAOR S.A.
201524.0,125983.52,0.0,0.0,0791806127001,0.0,PERPACO PRODUCCION PERPACOPRODUCCION CIA.LTDA.
112315.01,470208.49,25201.99,0.52,0993123722001,0.0,SHRIMPDANY S.A.
286605.85,381933.96,20741.59,0.41,0891767870001,0.0,ACUAGAN S.A.
11656009.8,6497138.34,357193.86,0.42,0993112569001,0.0,ACHIBROS S.A.
1759133.49,482986.35,4963.89,0.31,1391875967001,0.0,LARVASLAB S.A.
1394427.9,2770227.41,287997.27,9.67,1391872984001,0.0,LOSABIOCORP CIA.LTDA.
136681.35,244417.49,71045.66,0.0,1391872976001,0.0,LARVAS Y CAMARONES MUÑOZ OLIVES LARCAMUOL S.A.
1563859.36,491814.87,124660.34,11.17,1391872992001,0.0,MUZEDCAM S.A.
279176.9,273072.63,40581.21,0.0,1391872968001,0.0,PRODUCCION Y SERVICIOS MUÑOZ BAZURTO ''PROSERMUB'' S.A.
232135.99,44512.18,1613.0,11.12,0791804493001,0.0,DIA&COMPAÑIA DE PRODUCCION DE CAMARON S.A.
2564210.06,615691.82,66336.18,1.77,1391873735001,0.0,FAMALPO S.A.S.
106636.28,47781.57,3227.99,1.12,0791805155001,0.0,CULTIVO ACUICOLA TANYANSU SAN ANTONIO CIA.LTDA.
20567.09,45188.7,499.71,1.02,0993214213001,0.0,CAMARONERA SAFANDO CAMSAFA S.A.
1427532.4,1687859.23,93972.66,2.25,1391903715001,0.0,CRIADEROS DEL NORTE S A CRINOR S.A.
2866207.92,2012805.27,118529.32,1.31,2490032137001,0.0,SANLAB BSO S.A.
523265.09,609507.8,30485.43,0.75,2490031696001,0.0,VITAMARINA S.A.
100000.0,144648.75,98084.2,11.08,0993195987001,0.0,SEICAM S.A.
4624761.92,9127651.58,52831.48,13.59,0791821096001,0.0,EMPRESA AQUASHRIMPS S.A.
5659207.01,4073104.38,1729026.71,3.2,0993188816001,0.0,I&V BIO S.A.
10370425.74,10618067.77,312201.88,0.47,0993188425001,1.0,EXPORTADORA Y COMERCIALIZADORA CARECA EXPORCARECA S.A.
2298640.7,9566677.35,497312.91,2.58,0993192155001,0.0,SKRETTING ARC ECUADOR S.A.
8700.51,48332.51,2992.44,1.13,0993193453001,0.0,AERO WANG AERWANG C.LTDA.
522718.81,495756.33,2689.29,1.05,1792978149001,0.0,ACUACULTORA ECUATORIANA DEL PACIFICO ACUAPACIFIC S.A.
21161527.32,7620849.32,469659.95,1.06,0791819393001,0.0,ASOCIACIÓN DE PRODUCTORES CAMARONEROS ASO&CAM S.A.
17204887.7,12374785.94,2349285.79,1.82,0993183857001,0.0,ENGUNGAMAR S.A.
1866665.5,3398068.42,242626.05,0.88,0993182060001,0.0,CAMARTAU S.A.
340954.97,591065.78,10038.6,1.06,0791825695001,0.0,PROOCEANIC S.A.
839318.45,373106.16,1010.8,0.85,0791826012001,0.0,LARVMAR S.A.
92948.9,51678.25,897.83,1.03,0791825059001,0.0,VEESPRO S.A.
7655610.56,9832505.81,360325.92,0.66,0993234044001,0.0,CAMARONERA AQUACAMARON CAMAQUA S.A.
18318.88,119321.18,-385.13,1.01,0791824753001,0.0,ADRICAM S.A.
1317248.64,1912623.72,7758.75,0.73,0791824982001,0.0,ESPINCORD S.A.
538423.0,267461.32,3962.9,0.97,0791823390001,0.0,GROWSHRIMP S.A.
7630395.1,11616773.54,-796794.75,0.38,0993225320001,0.0,CAMARONERA SAN JOSE CAMAJOSE S.A.
1000.0,13500.0,1000.0,0.0,0993218146001,0.0,CAMPROVAN S.A.
1543281.02,342344.82,43658.29,1.71,0791823099001,0.0,CORONEL Y COELLO MAR C&CMAR S.A.
102046.5,75420.06,10288.59,1.31,1793011381001,0.0,WAC CAMARON DE EXPORTACION CIA.LTDA.
49017.0,18622.47,1829.22,0.6,2490400942001,0.0,AQUAMARY JM S.A.S.
8979.74,63449.02,2323.57,1.04,0791841446001,0.0,GONALCAM CIA.LTDA.
1506669.58,453950.38,0.0,1.07,0993253103001,0.0,RODPESCA S.A.
1732316.57,499998.99,0.0,0.17,0993253057001,0.0,KAMYPESCA S.A.
736287.27,510648.09,11703.05,4.27,2490034342001,0.0,SUPRANAUPLIO S.A.
691993.71,1385189.95,13397.47,0.4,0791826926001,0.0,PRODULANG S.A.
1047024.19,840849.93,96023.33,1.05,0993370334001,0.0,KAI YUAN S.A.S.
95447.88,979058.11,2384.57,0.42,0791840587001,0.0,BLUSTAMP CIA.LTDA.
171691.42,67355.92,8805.24,1.35,0993370039001,0.0,IMPORTADORA KARDALI S.A.S.
15000.0,202287.86,301.36,1.0,0791840617001,0.0,IMPERIO DEL MAR IMPERMAR S.A.
17324.33,35132.04,852.41,0.0,1391932262001,0.0,PRODUCTORES ACUICOLAS & GANADEROS SALVLOOR PROSALH S.A.S.
0.04,15171.59,-60.0,1.02,0791840624001,0.0,OCVRA CIA.LTDA.
105890.0,26578.22,20096.64,4.67,2490399278001,0.0,LABORATORIO DE LARVAS ERMILAB S.A.
251054.72,11463.28,11453.28,0.0,1391932489001,0.0,AR-WORDLINVESTMENTS S.A.S.
268150.08,360951.04,60045.11,0.08,0791840771001,0.0,CORPORACIÓN PRODUCTORA JARAMILLO ARIAS CORPROJAR CIA.LTDA.
30.0,1001.9,1.9,0.0,1391933341001,0.0,LARDELSA S.A.S.
300.0,500.0,300.0,0.0,1391932286001,0.0,LABORATORIO DE LARVAS LARBLESSING S.A.S.
368591.0,500521.56,363883.09,24.17,0993370520001,0.0,BRICAM CONSULTORIA & PROYECTOS S.A.S.
369591.0,501547.56,364863.09,24.17,0993370522001,0.0,BRINERGY CONSULTORIA & PROYECTOS S.A.S.
332135.9,79856.58,1435.68,1.81,0791827205001,0.0,MASADA CIA.LTDA.
568377.82,356546.87,2143.79,1.06,0993255564001,0.0,MARE DEI AQUACULTURE MAREDEI S.A.
2145928.33,1366705.29,117623.88,1.15,2490034350001,0.0,LABMARCORSA S.A.
2947937.17,1383423.84,60298.25,0.96,0993257168001,0.0,FRAMACUA S.A.
277706.1,31986.13,16686.46,17.16,0993269026001,0.0,CAMARONSTARK S.A.
30106028.05,35717151.1,2401387.01,0.53,0791829518001,0.0,SHRIMPCORP S.A.
140000.0,941465.87,-16990.51,0.12,0993274259001,0.0,AM-EXPORTCAMP S.A.
26118.54,1473148.59,-128242.18,0.01,0993281859001,0.0,RODLAMAR S.A.
467137.77,568596.15,18827.92,1.03,0791831105001,0.0,ROOVICAM S.A.S.
49750.3,28854.81,7383.43,1.41,2490035411001,0.0,AQUACULTURE COMMERCE & SERVICES AQUACOMSER S.A.S.
77682.16,5722.08,414.64,0.0,0993258539001,0.0,PLUSCAMARON S.A.
133065.0,96986.15,-46633.32,1.69,0993261084001,0.0,SILVERLAB S.A.
288182.25,204036.33,3961.83,1.63,0993261785001,0.0,LELITASHRIMP S.A.S.
2988338.74,1086311.61,215662.18,1.59,1391914288001,0.0,LARDELCE S.A.
91932.06,80208.83,64161.84,5.34,0791833671001,0.0,PUNASEA S.A.
613445.14,257369.45,127498.54,0.27,0791834147001,0.0,CAMARONERAS RODMARV S.A.S.
2673958.53,4229360.11,-133588.47,0.63,0993315354001,0.0,TAURAMAR S.A.
1317877.98,533409.49,26943.13,1.12,0993317837001,0.0,WORLDSHRIMPCOMPANY S.A.S.
1642611.81,657470.34,129464.15,0.93,1391923430001,0.0,LARDELMO S.A.
79425.01,157887.79,571.54,3.36,0791829003001,0.0,HERMAJOB CIA.LTDA.
726137.9,90532.3,22815.96,1.27,0993273589001,0.0,INVERSIONES ACUICOLAS RODRIGUEZ LARA INAROLA S.A.
7850644.66,4975148.26,-22122.89,0.78,0993267937001,0.0,BIOGALE S.A.S.
1065195.46,319696.91,8611.0,1.0,0791829208001,0.0,CAMARONERA CELIAQUA CIA.LTDA.
84730.41,65956.38,-35788.91,2.87,1391918178001,0.0,BIOMU S.A.
120.0,61590.93,54.12,0.02,0993286729001,0.0,HELIOSAND S.A.
792490.22,495251.23,53274.45,1.04,0791831989001,0.0,PESQUEORO S.A.S.
42742.25,34563.66,641.37,0.0,2490036167001,0.0,CAMARON360 S.A.
903244.72,490214.41,959.79,0.8,0993292109001,0.0,CAMTA S.A.
16800.0,17600.0,16740.0,293.33,0791836336001,0.0,GRUCAMEX S.A.
2108044.2,513112.87,152484.55,1.2,1391920652001,0.0,DELMOMAR S.A.
8416481.68,2554502.43,381543.9,0.66,0993302643001,0.0,CAMARONES NATURALES NATUSHRIMP S.A.
6854604.41,2376618.49,170308.1,1.23,0791832888001,0.0,GOLDFISHING S.A.
137200.0,5409.86,2928.9,90.16,0791833760001,0.0,LARCAMPEZ S.A.S.
174827.43,555625.68,4980.41,1.04,0791833272001,0.0,YOUXIN CIA.LTDA.
16689060.29,12087137.25,-157003.77,1.15,0791833280001,0.0,LIGFA S.A.
898741.33,899279.42,22119.48,1.37,0791834899001,0.0,SANTANACORP-EC S.A.
279772.83,5412.51,3459.38,0.0,0993320404001,0.0,CAMARONERA STAMARIANITAJL S.A.
128186.0,150711.18,17996.81,1.09,0993338591001,0.0,AQUAPRODIS S.A.S.
450000.0,257940.58,21009.0,2.42,0791837707001,0.0,GRUPO-GUERRERO GRANDA CIA.LTDA.
129981.78,59715.51,-33.96,1.01,0791836816001,0.0,GUPALCAM S.A.
160510.0,33952.4,25483.19,0.0,1391929307001,0.0,BRICELARVAS S.A.S.
19590.0,12289.16,2229.16,204.81,0993340332001,0.0,JARAMILLO MINAYA JARAMINAY S.A.
4584.22,5980362.87,-36739.93,0.23,0993366960001,0.0,AGRICOLACAM S.A.S.
290266.57,208731.89,4702.0,1.31,0791837901001,0.0,EMPRESA CAMARONERA PROMAGOLDS S.A.S.
9602142.34,18162958.93,683480.46,2.99,0993344680001,0.0,CAMBRICA SELISA S.A.
4335400.04,15569067.01,-1316366.44,0.42,0993347868001,0.0,AGROCAMARON S.A.
551313.47,308010.84,9845.85,0.64,0791838835001,0.0,GOLDCAM CIA.LTDA.
279716.15,30733.66,10206.36,1.57,0993354910001,0.0,MARBRALAB S.A.S.
3863844.78,4838086.96,64659.26,0.62,0791839203001,0.0,CAMARONERA FAGUILL S.A.
268055.4,127629.95,2650.33,1.02,0993366807001,0.0,FERMARCOM S.A.
27750.12,27791.02,10846.57,1.69,1391931417001,0.0,BIOLARVA LABMANABI S.A.S.
1206263.7,3605668.19,-411089.7,1.05,0993366567001,0.0,MARPROVELSA S.A.S.
856598.66,900102.91,35559.6,1.04,0791840208001,0.0,CULTIVOS PACIFIMAR S.A.
300397.6,457021.34,3131.51,0.99,2490398824001,0.0,LARVAFER CAM S.A.S.
832204.35,499857.14,3497.49,1.08,0791840672001,0.0,CAMARONERA MANAGUA S.A.S.
95400.0,1156.0,956.0,0.0,2490399022001,0.0,JEMLAR S.A.S.
299000.0,307725.37,294173.9,24.51,0993371089001,0.0,EDAB SHRIMPCON S.A.S.
299000.0,307688.56,294137.09,24.51,0993371093001,0.0,VARIAL ENERGI S.A.S.
299000.0,307748.78,294197.28,24.51,0993371101001,0.0,EBRIAL CAMTRA S.A.S.
495671.06,260589.43,162248.8,2.45,2490399359001,0.0,GABSO EXPORT SHRIMP S.A.S.
1933482.87,660113.4,-39945.42,1.04,2490397992001,0.0,VIVILAB S.A.S.
944688.64,496083.89,238083.02,1.37,0993372680001,0.0,MARCO ANTONIO CASTILLO LEON S.A.S.
606063.41,183456.86,8886.43,0.89,2490397216001,0.0,CONTEPISALAB S.A.S.
68529.95,17491.99,-12318.58,2.41,0993367149001,0.0,ROYALCAM S.A.S.
343395.22,179197.2,42125.13,1.12,0993367636001,0.0,ACUAEXSA S.A.
414729.5,60548.32,16405.35,2.18,1391931906001,0.0,LOJIMAR S.A.S.
393826.13,161295.3,15232.3,1.99,0993367776001,0.0,NUTRICION Y SALUD COVENTINA S.A.S.
570269.91,5443307.18,7249.84,1.17,0993367811001,0.0,CAMPROEX S.A.S.
609666.19,1233413.09,6508.2,0.01,0791840364001,0.0,SONEG3 S.A.S.
6141.5,15100.0,0.0,1.0,0993368167001,0.0,CAMARONERA NORAMAC S.A.S.
197612.25,189538.39,150787.25,4.88,0993368413001,0.0,EFFICERE S.A.S.
253200.28,1856618.16,-220074.92,0.11,2490398141001,0.0,LA CHAMECITA S.A.S.
10.0,1010.0,10.0,0.0,0791840431001,0.0,LABORATORIO DE LARVAS DE CAMARON ECOMARINA DEL PACIFICO S.A.S.
27322.76,29265.29,20337.71,375.62,0993369544001,0.0,VASCONCELOS&SALAZAR VSGROUP S.A.
1524004.53,487074.28,53439.2,2.12,2490397968001,0.0,SANLAB FSA S.A.S.
620852.6,213721.53,174365.74,5.54,0993368804001,0.0,AQUANOVA S.A.S.
632523.93,173621.65,19984.42,1.13,0993368926001,0.0,LANGOSTINOS DEL SUR MV S.A.S.
10766.2,13500.0,2787.8,1.36,0993373417001,0.0,SHANKARA S.A.S.
85291.1,34145.92,7565.82,3.13,0791840961001,0.0,PRODSUACAM CIA.LTDA.
284101.7,209838.26,11394.38,0.98,0791841020001,0.0,PRODAQUA S.A.S.
5.75,10000.0,0.0,0.0,1391932896001,0.0,CAMARONERA AZMAR S.A.S. B.I.C.
362109.85,81378.59,7066.68,1.36,2490400918001,0.0,PROCULTIMAR S.A.S.
